PR,URL,Title,Content type,Is rendered page,HTTP status code,Organic traffic,Schema items,Structured data issues,Is indexable page
30,https://www.kinexisdigital.com/es/locations/cedar-rapids,Digital Marketing Agency Cedar Rapids | KINEXIS,text/html; charset=utf-8,false,200,0,"BreadcrumbList
FAQPage
LocalBusiness
Organization",Google rich results validation error,true
30,https://www.kinexisdigital.com/en/locations/dallas,Digital Marketing Agency Dallas | KINEXIS,text/html; charset=utf-8,false,200,0,"BreadcrumbList
FAQPage
LocalBusiness
Organization",Google rich results validation error,true
30,https://www.kinexisdigital.com/es/locations/dallas,Digital Marketing Agency Dallas | KINEXIS,text/html; charset=utf-8,false,200,0,"BreadcrumbList
FAQPage
LocalBusiness
Organization",Google rich results validation error,true
30,https://www.kinexisdigital.com/es/locations/cedar-falls,Digital Marketing Agency Cedar Falls | KINEXIS,text/html; charset=utf-8,false,200,0,"BreadcrumbList
FAQPage
LocalBusiness
Organization",Google rich results validation error,true
30,https://www.kinexisdigital.com/es/locations/toronto,Digital Marketing Agency Toronto | KINEXIS,text/html; charset=utf-8,false,200,0,"BreadcrumbList
FAQPage
LocalBusiness
Organization",Google rich results validation error,true
30,https://www.kinexisdigital.com/en/locations/cedar-rapids,Digital Marketing Agency Cedar Rapids | KINEXIS,text/html; charset=utf-8,false,200,0,"BreadcrumbList
FAQPage
LocalBusiness
Organization",Google rich results validation error,true
30,https://www.kinexisdigital.com/es/digital-marketing-agency,Agencia de Marketing Digital | KINEXIS Digital,text/html; charset=utf-8,false,200,0,"BreadcrumbList
FAQPage
LocalBusiness
Organization",Google rich results validation error,true
30,https://www.kinexisdigital.com/en/digital-marketing-agency,Digital Marketing Agency | KINEXIS Digital,text/html; charset=utf-8,false,200,0,"BreadcrumbList
FAQPage
LocalBusiness
Organization",Google rich results validation error,true
30,https://www.kinexisdigital.com/es/locations/bogota,Digital Marketing Agency Bogotá | KINEXIS,text/html; charset=utf-8,false,200,0,"BreadcrumbList
FAQPage
LocalBusiness
Organization",Google rich results validation error,true
30,https://www.kinexisdigital.com/en/locations/des-moines,Digital Marketing Agency Des Moines | KINEXIS,text/html; charset=utf-8,false,200,0,"BreadcrumbList
FAQPage
LocalBusiness
Organization",Google rich results validation error,true
30,https://www.kinexisdigital.com/en/locations/austin,Digital Marketing Agency Austin | KINEXIS,text/html; charset=utf-8,false,200,0,"BreadcrumbList
FAQPage
LocalBusiness
Organization",Google rich results validation error,true
30,https://www.kinexisdigital.com/en/locations/cedar-falls,Digital Marketing Agency Cedar Falls | KINEXIS,text/html; charset=utf-8,false,200,0,"BreadcrumbList
FAQPage
LocalBusiness
Organization",Google rich results validation error,true
30,https://www.kinexisdigital.com/en/locations/bogota,Digital Marketing Agency Bogotá | KINEXIS,text/html; charset=utf-8,false,200,0,"BreadcrumbList
FAQPage
LocalBusiness
Organization",Google rich results validation error,true
30,https://www.kinexisdigital.com/en/locations/toronto,Digital Marketing Agency Toronto | KINEXIS,text/html; charset=utf-8,false,200,0,"BreadcrumbList
FAQPage
LocalBusiness
Organization",Google rich results validation error,true
30,https://www.kinexisdigital.com/es/locations/waterloo,Digital Marketing Agency Waterloo | KINEXIS,text/html; charset=utf-8,false,200,0,"BreadcrumbList
FAQPage
LocalBusiness
Organization",Google rich results validation error,true
30,https://www.kinexisdigital.com/es/locations/austin,Digital Marketing Agency Austin | KINEXIS,text/html; charset=utf-8,false,200,0,"BreadcrumbList
FAQPage
LocalBusiness
Organization",Google rich results validation error,true
30,https://www.kinexisdigital.com/en/locations/waterloo,Digital Marketing Agency Waterloo | KINEXIS,text/html; charset=utf-8,false,200,0,"BreadcrumbList
FAQPage
LocalBusiness
Organization",Google rich results validation error,true
30,https://www.kinexisdigital.com/es/locations/des-moines,Digital Marketing Agency Des Moines | KINEXIS,text/html; charset=utf-8,false,200,0,"BreadcrumbList
FAQPage
LocalBusiness
Organization",Google rich results validation error,true
20,https://www.kinexisdigital.com/en/locations/des-moines/ppc-management,PPC Management Des Moines | KINEXIS,text/html; charset=utf-8,false,200,0,"BreadcrumbList
FAQPage
LocalBusiness
Organization
Service",Google rich results validation error,true
20,https://www.kinexisdigital.com/es/locations/bogota/web-design,Web Design Bogotá | KINEXIS,text/html; charset=utf-8,false,200,0,"BreadcrumbList
FAQPage
LocalBusiness
Organization
Service",Google rich results validation error,true
20,https://www.kinexisdigital.com/es/locations/dallas/web-design,Web Design Dallas | KINEXIS,text/html; charset=utf-8,false,200,0,"BreadcrumbList
FAQPage
LocalBusiness
Organization
Service",Google rich results validation error,true
20,https://www.kinexisdigital.com/es/locations/dallas/seo,SEO Dallas | KINEXIS,text/html; charset=utf-8,false,200,0,"BreadcrumbList
FAQPage
LocalBusiness
Organization
Service",Google rich results validation error,true
20,https://www.kinexisdigital.com/en/locations/toronto/seo,SEO Toronto | KINEXIS,text/html; charset=utf-8,false,200,0,"BreadcrumbList
FAQPage
LocalBusiness
Organization
Service",Google rich results validation error,true
20,https://www.kinexisdigital.com/es/locations/waterloo/ppc-management,PPC Management Waterloo | KINEXIS,text/html; charset=utf-8,false,200,0,"BreadcrumbList
FAQPage
LocalBusiness
Organization
Service",Google rich results validation error,true
20,https://www.kinexisdigital.com/es/locations/cedar-falls/web-design,Web Design Cedar Falls | KINEXIS,text/html; charset=utf-8,false,200,0,"BreadcrumbList
FAQPage
LocalBusiness
Organization
Service",Google rich results validation error,true
20,https://www.kinexisdigital.com/en/locations/cedar-rapids/google-ads,Google Ads Cedar Rapids | KINEXIS,text/html; charset=utf-8,false,200,0,"BreadcrumbList
FAQPage
LocalBusiness
Organization
Service",Google rich results validation error,true
20,https://www.kinexisdigital.com/en/locations/toronto/web-design,Web Design Toronto | KINEXIS,text/html; charset=utf-8,false,200,0,"BreadcrumbList
FAQPage
LocalBusiness
Organization
Service",Google rich results validation error,true
20,https://www.kinexisdigital.com/es/locations/toronto/seo,SEO Toronto | KINEXIS,text/html; charset=utf-8,false,200,0,"BreadcrumbList
FAQPage
LocalBusiness
Organization
Service",Google rich results validation error,true
20,https://www.kinexisdigital.com/es/locations/austin/ppc-management,PPC Management Austin | KINEXIS,text/html; charset=utf-8,false,200,0,"BreadcrumbList
FAQPage
LocalBusiness
Organization
Service",Google rich results validation error,true
20,https://www.kinexisdigital.com/en/locations/waterloo/web-design,Web Design Waterloo | KINEXIS,text/html; charset=utf-8,false,200,0,"BreadcrumbList
FAQPage
LocalBusiness
Organization
Service",Google rich results validation error,true
20,https://www.kinexisdigital.com/es/locations/des-moines/google-ads,Google Ads Des Moines | KINEXIS,text/html; charset=utf-8,false,200,0,"BreadcrumbList
FAQPage
LocalBusiness
Organization
Service",Google rich results validation error,true
20,https://www.kinexisdigital.com/es/locations/toronto/ppc-management,PPC Management Toronto | KINEXIS,text/html; charset=utf-8,false,200,0,"BreadcrumbList
FAQPage
LocalBusiness
Organization
Service",Google rich results validation error,true
20,https://www.kinexisdigital.com/en/locations/cedar-falls/web-design,Web Design Cedar Falls | KINEXIS,text/html; charset=utf-8,false,200,0,"BreadcrumbList
FAQPage
LocalBusiness
Organization
Service",Google rich results validation error,true
20,https://www.kinexisdigital.com/en/locations/austin/web-design,Web Design Austin | KINEXIS,text/html; charset=utf-8,false,200,0,"BreadcrumbList
FAQPage
LocalBusiness
Organization
Service",Google rich results validation error,true
20,https://www.kinexisdigital.com/es/locations/des-moines/seo,SEO Des Moines | KINEXIS,text/html; charset=utf-8,false,200,0,"BreadcrumbList
FAQPage
LocalBusiness
Organization
Service",Google rich results validation error,true
20,https://www.kinexisdigital.com/es/locations/cedar-rapids/ppc-management,PPC Management Cedar Rapids | KINEXIS,text/html; charset=utf-8,false,200,0,"BreadcrumbList
FAQPage
LocalBusiness
Organization
Service",Google rich results validation error,true
20,https://www.kinexisdigital.com/es/locations/des-moines/ppc-management,PPC Management Des Moines | KINEXIS,text/html; charset=utf-8,false,200,0,"BreadcrumbList
FAQPage
LocalBusiness
Organization
Service",Google rich results validation error,true
20,https://www.kinexisdigital.com/es/locations/toronto/google-ads,Google Ads Toronto | KINEXIS,text/html; charset=utf-8,false,200,0,"BreadcrumbList
FAQPage
LocalBusiness
Organization
Service",Google rich results validation error,true
20,https://www.kinexisdigital.com/es/locations/cedar-rapids/web-design,Web Design Cedar Rapids | KINEXIS,text/html; charset=utf-8,false,200,0,"BreadcrumbList
FAQPage
LocalBusiness
Organization
Service",Google rich results validation error,true
20,https://www.kinexisdigital.com/en/locations/cedar-rapids/ppc-management,PPC Management Cedar Rapids | KINEXIS,text/html; charset=utf-8,false,200,0,"BreadcrumbList
FAQPage
LocalBusiness
Organization
Service",Google rich results validation error,true
20,https://www.kinexisdigital.com/es/locations/austin/google-ads,Google Ads Austin | KINEXIS,text/html; charset=utf-8,false,200,0,"BreadcrumbList
FAQPage
LocalBusiness
Organization
Service",Google rich results validation error,true
20,https://www.kinexisdigital.com/es/locations/toronto/web-design,Web Design Toronto | KINEXIS,text/html; charset=utf-8,false,200,0,"BreadcrumbList
FAQPage
LocalBusiness
Organization
Service",Google rich results validation error,true
20,https://www.kinexisdigital.com/en/locations/bogota/web-design,Web Design Bogotá | KINEXIS,text/html; charset=utf-8,false,200,0,"BreadcrumbList
FAQPage
LocalBusiness
Organization
Service",Google rich results validation error,true
20,https://www.kinexisdigital.com/es/locations/cedar-rapids/seo,SEO Cedar Rapids | KINEXIS,text/html; charset=utf-8,false,200,0,"BreadcrumbList
FAQPage
LocalBusiness
Organization
Service",Google rich results validation error,true
20,https://www.kinexisdigital.com/es/locations/dallas/google-ads,Google Ads Dallas | KINEXIS,text/html; charset=utf-8,false,200,0,"BreadcrumbList
FAQPage
LocalBusiness
Organization
Service",Google rich results validation error,true
20,https://www.kinexisdigital.com/es/locations/cedar-falls/seo,SEO Cedar Falls | KINEXIS,text/html; charset=utf-8,false,200,0,"BreadcrumbList
FAQPage
LocalBusiness
Organization
Service",Google rich results validation error,true
20,https://www.kinexisdigital.com/en/locations/des-moines/web-design,Web Design Des Moines | KINEXIS,text/html; charset=utf-8,false,200,0,"BreadcrumbList
FAQPage
LocalBusiness
Organization
Service",Google rich results validation error,true
20,https://www.kinexisdigital.com/es/locations/cedar-falls/google-ads,Google Ads Cedar Falls | KINEXIS,text/html; charset=utf-8,false,200,0,"BreadcrumbList
FAQPage
LocalBusiness
Organization
Service",Google rich results validation error,true
20,https://www.kinexisdigital.com/en/locations/dallas/seo,SEO Dallas | KINEXIS,text/html; charset=utf-8,false,200,0,"BreadcrumbList
FAQPage
LocalBusiness
Organization
Service",Google rich results validation error,true
20,https://www.kinexisdigital.com/en/locations/bogota/ppc-management,PPC Management Bogotá | KINEXIS,text/html; charset=utf-8,false,200,0,"BreadcrumbList
FAQPage
LocalBusiness
Organization
Service",Google rich results validation error,true
20,https://www.kinexisdigital.com/es/locations/waterloo/seo,SEO Waterloo | KINEXIS,text/html; charset=utf-8,false,200,0,"BreadcrumbList
FAQPage
LocalBusiness
Organization
Service",Google rich results validation error,true
20,https://www.kinexisdigital.com/es/locations/austin/seo,SEO Austin | KINEXIS,text/html; charset=utf-8,false,200,0,"BreadcrumbList
FAQPage
LocalBusiness
Organization
Service",Google rich results validation error,true
20,https://www.kinexisdigital.com/en/locations/dallas/ppc-management,PPC Management Dallas | KINEXIS,text/html; charset=utf-8,false,200,0,"BreadcrumbList
FAQPage
LocalBusiness
Organization
Service",Google rich results validation error,true
20,https://www.kinexisdigital.com/en/locations/austin/google-ads,Google Ads Austin | KINEXIS,text/html; charset=utf-8,false,200,0,"BreadcrumbList
FAQPage
LocalBusiness
Organization
Service",Google rich results validation error,true
20,https://www.kinexisdigital.com/en/locations/cedar-rapids/seo,SEO Cedar Rapids | KINEXIS,text/html; charset=utf-8,false,200,0,"BreadcrumbList
FAQPage
LocalBusiness
Organization
Service",Google rich results validation error,true
20,https://www.kinexisdigital.com/en/locations/cedar-falls/seo,SEO Cedar Falls | KINEXIS,text/html; charset=utf-8,false,200,0,"BreadcrumbList
FAQPage
LocalBusiness
Organization
Service",Google rich results validation error,true
20,https://www.kinexisdigital.com/es/locations/dallas/ppc-management,PPC Management Dallas | KINEXIS,text/html; charset=utf-8,false,200,0,"BreadcrumbList
FAQPage
LocalBusiness
Organization
Service",Google rich results validation error,true
20,https://www.kinexisdigital.com/es/locations/des-moines/web-design,Web Design Des Moines | KINEXIS,text/html; charset=utf-8,false,200,0,"BreadcrumbList
FAQPage
LocalBusiness
Organization
Service",Google rich results validation error,true
20,https://www.kinexisdigital.com/es/locations/cedar-rapids/google-ads,Google Ads Cedar Rapids | KINEXIS,text/html; charset=utf-8,false,200,0,"BreadcrumbList
FAQPage
LocalBusiness
Organization
Service",Google rich results validation error,true
20,https://www.kinexisdigital.com/en/locations/toronto/ppc-management,PPC Management Toronto | KINEXIS,text/html; charset=utf-8,false,200,0,"BreadcrumbList
FAQPage
LocalBusiness
Organization
Service",Google rich results validation error,true
20,https://www.kinexisdigital.com/en/locations/cedar-rapids/web-design,Web Design Cedar Rapids | KINEXIS,text/html; charset=utf-8,false,200,0,"BreadcrumbList
FAQPage
LocalBusiness
Organization
Service",Google rich results validation error,true
20,https://www.kinexisdigital.com/es/locations/bogota/seo,SEO Bogotá | KINEXIS,text/html; charset=utf-8,false,200,0,"BreadcrumbList
FAQPage
LocalBusiness
Organization
Service",Google rich results validation error,true
20,https://www.kinexisdigital.com/en/locations/dallas/web-design,Web Design Dallas | KINEXIS,text/html; charset=utf-8,false,200,0,"BreadcrumbList
FAQPage
LocalBusiness
Organization
Service",Google rich results validation error,true
20,https://www.kinexisdigital.com/en/locations/bogota/google-ads,Google Ads Bogotá | KINEXIS,text/html; charset=utf-8,false,200,0,"BreadcrumbList
FAQPage
LocalBusiness
Organization
Service",Google rich results validation error,true
20,https://www.kinexisdigital.com/en/locations/austin/ppc-management,PPC Management Austin | KINEXIS,text/html; charset=utf-8,false,200,0,"BreadcrumbList
FAQPage
LocalBusiness
Organization
Service",Google rich results validation error,true
20,https://www.kinexisdigital.com/en/locations/des-moines/google-ads,Google Ads Des Moines | KINEXIS,text/html; charset=utf-8,false,200,0,"BreadcrumbList
FAQPage
LocalBusiness
Organization
Service",Google rich results validation error,true
20,https://www.kinexisdigital.com/es/locations/cedar-falls/ppc-management,PPC Management Cedar Falls | KINEXIS,text/html; charset=utf-8,false,200,0,"BreadcrumbList
FAQPage
LocalBusiness
Organization
Service",Google rich results validation error,true
20,https://www.kinexisdigital.com/en/locations/waterloo/google-ads,Google Ads Waterloo | KINEXIS,text/html; charset=utf-8,false,200,0,"BreadcrumbList
FAQPage
LocalBusiness
Organization
Service",Google rich results validation error,true
20,https://www.kinexisdigital.com/en/locations/austin/seo,SEO Austin | KINEXIS,text/html; charset=utf-8,false,200,0,"BreadcrumbList
FAQPage
LocalBusiness
Organization
Service",Google rich results validation error,true
20,https://www.kinexisdigital.com/en/locations/toronto/google-ads,Google Ads Toronto | KINEXIS,text/html; charset=utf-8,false,200,0,"BreadcrumbList
FAQPage
LocalBusiness
Organization
Service",Google rich results validation error,true
20,https://www.kinexisdigital.com/en/locations/cedar-falls/ppc-management,PPC Management Cedar Falls | KINEXIS,text/html; charset=utf-8,false,200,0,"BreadcrumbList
FAQPage
LocalBusiness
Organization
Service",Google rich results validation error,true
20,https://www.kinexisdigital.com/en/locations/cedar-falls/google-ads,Google Ads Cedar Falls | KINEXIS,text/html; charset=utf-8,false,200,0,"BreadcrumbList
FAQPage
LocalBusiness
Organization
Service",Google rich results validation error,true
20,https://www.kinexisdigital.com/en/locations/bogota/seo,SEO Bogotá | KINEXIS,text/html; charset=utf-8,false,200,0,"BreadcrumbList
FAQPage
LocalBusiness
Organization
Service",Google rich results validation error,true
20,https://www.kinexisdigital.com/es/locations/waterloo/web-design,Web Design Waterloo | KINEXIS,text/html; charset=utf-8,false,200,0,"BreadcrumbList
FAQPage
LocalBusiness
Organization
Service",Google rich results validation error,true
20,https://www.kinexisdigital.com/en/locations/des-moines/seo,SEO Des Moines | KINEXIS,text/html; charset=utf-8,false,200,0,"BreadcrumbList
FAQPage
LocalBusiness
Organization
Service",Google rich results validation error,true
20,https://www.kinexisdigital.com/en/locations/dallas/google-ads,Google Ads Dallas | KINEXIS,text/html; charset=utf-8,false,200,0,"BreadcrumbList
FAQPage
LocalBusiness
Organization
Service",Google rich results validation error,true
20,https://www.kinexisdigital.com/es/locations/bogota/ppc-management,PPC Management Bogotá | KINEXIS,text/html; charset=utf-8,false,200,0,"BreadcrumbList
FAQPage
LocalBusiness
Organization
Service",Google rich results validation error,true
20,https://www.kinexisdigital.com/es/locations/austin/web-design,Web Design Austin | KINEXIS,text/html; charset=utf-8,false,200,0,"BreadcrumbList
FAQPage
LocalBusiness
Organization
Service",Google rich results validation error,true
20,https://www.kinexisdigital.com/en/locations/waterloo/ppc-management,PPC Management Waterloo | KINEXIS,text/html; charset=utf-8,false,200,0,"BreadcrumbList
FAQPage
LocalBusiness
Organization
Service",Google rich results validation error,true
20,https://www.kinexisdigital.com/es/locations/waterloo/google-ads,Google Ads Waterloo | KINEXIS,text/html; charset=utf-8,false,200,0,"BreadcrumbList
FAQPage
LocalBusiness
Organization
Service",Google rich results validation error,true
20,https://www.kinexisdigital.com/es/locations/bogota/google-ads,Google Ads Bogotá | KINEXIS,text/html; charset=utf-8,false,200,0,"BreadcrumbList
FAQPage
LocalBusiness
Organization
Service",Google rich results validation error,true
20,https://www.kinexisdigital.com/en/locations/waterloo/seo,SEO Waterloo | KINEXIS,text/html; charset=utf-8,false,200,0,"BreadcrumbList
FAQPage
LocalBusiness
Organization
Service",Google rich results validation error,true
10,http://www.kinexisdigital.com/en/locations/bogota,Digital Marketing Agency Bogotá | KINEXIS,text/html; charset=utf-8,false,200,0,"BreadcrumbList
FAQPage
LocalBusiness
Organization",Google rich results validation error,false
10,http://www.kinexisdigital.com/en/locations/des-moines,Digital Marketing Agency Des Moines | KINEXIS,text/html; charset=utf-8,false,200,0,"BreadcrumbList
FAQPage
LocalBusiness
Organization",Google rich results validation error,false
10,http://www.kinexisdigital.com/en/digital-marketing-agency,Digital Marketing Agency | KINEXIS Digital,text/html; charset=utf-8,false,200,0,"BreadcrumbList
FAQPage
LocalBusiness
Organization",Google rich results validation error,false
10,http://www.kinexisdigital.com/en/locations/waterloo,Digital Marketing Agency Waterloo | KINEXIS,text/html; charset=utf-8,false,200,0,"BreadcrumbList
FAQPage
LocalBusiness
Organization",Google rich results validation error,false
10,http://www.kinexisdigital.com/en/locations/austin,Digital Marketing Agency Austin | KINEXIS,text/html; charset=utf-8,false,200,0,"BreadcrumbList
FAQPage
LocalBusiness
Organization",Google rich results validation error,false
10,http://www.kinexisdigital.com/en/locations/cedar-rapids,Digital Marketing Agency Cedar Rapids | KINEXIS,text/html; charset=utf-8,false,200,0,"BreadcrumbList
FAQPage
LocalBusiness
Organization",Google rich results validation error,false
10,http://www.kinexisdigital.com/en/locations/toronto,Digital Marketing Agency Toronto | KINEXIS,text/html; charset=utf-8,false,200,0,"BreadcrumbList
FAQPage
LocalBusiness
Organization",Google rich results validation error,false
10,http://www.kinexisdigital.com/en/locations/cedar-falls,Digital Marketing Agency Cedar Falls | KINEXIS,text/html; charset=utf-8,false,200,0,"BreadcrumbList
FAQPage
LocalBusiness
Organization",Google rich results validation error,false
10,http://www.kinexisdigital.com/en/locations/dallas,Digital Marketing Agency Dallas | KINEXIS,text/html; charset=utf-8,false,200,0,"BreadcrumbList
FAQPage
LocalBusiness
Organization",Google rich results validation error,false
0,http://www.kinexisdigital.com/en/locations/des-moines/web-design,Web Design Des Moines | KINEXIS,text/html; charset=utf-8,false,200,0,"BreadcrumbList
FAQPage
LocalBusiness
Organization
Service",Google rich results validation error,false
0,http://www.kinexisdigital.com/en/locations/austin/seo,SEO Austin | KINEXIS,text/html; charset=utf-8,false,200,0,"BreadcrumbList
FAQPage
LocalBusiness
Organization
Service",Google rich results validation error,false
0,http://www.kinexisdigital.com/en/locations/toronto/ppc-management,PPC Management Toronto | KINEXIS,text/html; charset=utf-8,false,200,0,"BreadcrumbList
FAQPage
LocalBusiness
Organization
Service",Google rich results validation error,false
0,http://www.kinexisdigital.com/en/locations/toronto/google-ads,Google Ads Toronto | KINEXIS,text/html; charset=utf-8,false,200,0,"BreadcrumbList
FAQPage
LocalBusiness
Organization
Service",Google rich results validation error,false
0,http://www.kinexisdigital.com/en/locations/des-moines/seo,SEO Des Moines | KINEXIS,text/html; charset=utf-8,false,200,0,"BreadcrumbList
FAQPage
LocalBusiness
Organization
Service",Google rich results validation error,false
0,http://www.kinexisdigital.com/en/locations/cedar-rapids/web-design,Web Design Cedar Rapids | KINEXIS,text/html; charset=utf-8,false,200,0,"BreadcrumbList
FAQPage
LocalBusiness
Organization
Service",Google rich results validation error,false
0,http://www.kinexisdigital.com/en/locations/bogota/seo,SEO Bogotá | KINEXIS,text/html; charset=utf-8,false,200,0,"BreadcrumbList
FAQPage
LocalBusiness
Organization
Service",Google rich results validation error,false
0,http://www.kinexisdigital.com/en/locations/dallas/ppc-management,PPC Management Dallas | KINEXIS,text/html; charset=utf-8,false,200,0,"BreadcrumbList
FAQPage
LocalBusiness
Organization
Service",Google rich results validation error,false
0,http://www.kinexisdigital.com/en/locations/dallas/google-ads,Google Ads Dallas | KINEXIS,text/html; charset=utf-8,false,200,0,"BreadcrumbList
FAQPage
LocalBusiness
Organization
Service",Google rich results validation error,false
0,http://www.kinexisdigital.com/en/locations/waterloo/web-design,Web Design Waterloo | KINEXIS,text/html; charset=utf-8,false,200,0,"BreadcrumbList
FAQPage
LocalBusiness
Organization
Service",Google rich results validation error,false
0,http://www.kinexisdigital.com/en/locations/cedar-falls/seo,SEO Cedar Falls | KINEXIS,text/html; charset=utf-8,false,200,0,"BreadcrumbList
FAQPage
LocalBusiness
Organization
Service",Google rich results validation error,false
0,http://www.kinexisdigital.com/en/locations/des-moines/ppc-management,PPC Management Des Moines | KINEXIS,text/html; charset=utf-8,false,200,0,"BreadcrumbList
FAQPage
LocalBusiness
Organization
Service",Google rich results validation error,false
0,http://www.kinexisdigital.com/en/locations/cedar-rapids/seo,SEO Cedar Rapids | KINEXIS,text/html; charset=utf-8,false,200,0,"BreadcrumbList
FAQPage
LocalBusiness
Organization
Service",Google rich results validation error,false
0,http://www.kinexisdigital.com/en/locations/austin/web-design,Web Design Austin | KINEXIS,text/html; charset=utf-8,false,200,0,"BreadcrumbList
FAQPage
LocalBusiness
Organization
Service",Google rich results validation error,false
0,http://www.kinexisdigital.com/en/locations/toronto/seo,SEO Toronto | KINEXIS,text/html; charset=utf-8,false,200,0,"BreadcrumbList
FAQPage
LocalBusiness
Organization
Service",Google rich results validation error,false
0,http://www.kinexisdigital.com/en/locations/cedar-falls/web-design,Web Design Cedar Falls | KINEXIS,text/html; charset=utf-8,false,200,0,"BreadcrumbList
FAQPage
LocalBusiness
Organization
Service",Google rich results validation error,false
0,http://www.kinexisdigital.com/en/locations/toronto/web-design,Web Design Toronto | KINEXIS,text/html; charset=utf-8,false,200,0,"BreadcrumbList
FAQPage
LocalBusiness
Organization
Service",Google rich results validation error,false
0,http://www.kinexisdigital.com/en/locations/dallas/web-design,Web Design Dallas | KINEXIS,text/html; charset=utf-8,false,200,0,"BreadcrumbList
FAQPage
LocalBusiness
Organization
Service",Google rich results validation error,false
0,http://www.kinexisdigital.com/en/locations/cedar-rapids/google-ads,Google Ads Cedar Rapids | KINEXIS,text/html; charset=utf-8,false,200,0,"BreadcrumbList
FAQPage
LocalBusiness
Organization
Service",Google rich results validation error,false
0,http://www.kinexisdigital.com/en/locations/bogota/google-ads,Google Ads Bogotá | KINEXIS,text/html; charset=utf-8,false,200,0,"BreadcrumbList
FAQPage
LocalBusiness
Organization
Service",Google rich results validation error,false
0,http://www.kinexisdigital.com/en/locations/bogota/web-design,Web Design Bogotá | KINEXIS,text/html; charset=utf-8,false,200,0,"BreadcrumbList
FAQPage
LocalBusiness
Organization
Service",Google rich results validation error,false
0,http://www.kinexisdigital.com/en/locations/dallas/seo,SEO Dallas | KINEXIS,text/html; charset=utf-8,false,200,0,"BreadcrumbList
FAQPage
LocalBusiness
Organization
Service",Google rich results validation error,false
0,http://www.kinexisdigital.com/en/locations/des-moines/google-ads,Google Ads Des Moines | KINEXIS,text/html; charset=utf-8,false,200,0,"BreadcrumbList
FAQPage
LocalBusiness
Organization
Service",Google rich results validation error,false
0,http://www.kinexisdigital.com/en/locations/cedar-falls/google-ads,Google Ads Cedar Falls | KINEXIS,text/html; charset=utf-8,false,200,0,"BreadcrumbList
FAQPage
LocalBusiness
Organization
Service",Google rich results validation error,false
0,http://www.kinexisdigital.com/en/locations/austin/ppc-management,PPC Management Austin | KINEXIS,text/html; charset=utf-8,false,200,0,"BreadcrumbList
FAQPage
LocalBusiness
Organization
Service",Google rich results validation error,false
0,http://www.kinexisdigital.com/en/locations/austin/google-ads,Google Ads Austin | KINEXIS,text/html; charset=utf-8,false,200,0,"BreadcrumbList
FAQPage
LocalBusiness
Organization
Service",Google rich results validation error,false
0,http://www.kinexisdigital.com/en/locations/waterloo/seo,SEO Waterloo | KINEXIS,text/html; charset=utf-8,false,200,0,"BreadcrumbList
FAQPage
LocalBusiness
Organization
Service",Google rich results validation error,false
0,http://www.kinexisdigital.com/en/locations/waterloo/google-ads,Google Ads Waterloo | KINEXIS,text/html; charset=utf-8,false,200,0,"BreadcrumbList
FAQPage
LocalBusiness
Organization
Service",Google rich results validation error,false
0,http://www.kinexisdigital.com/en/locations/cedar-falls/ppc-management,PPC Management Cedar Falls | KINEXIS,text/html; charset=utf-8,false,200,0,"BreadcrumbList
FAQPage
LocalBusiness
Organization
Service",Google rich results validation error,false
0,http://www.kinexisdigital.com/en/locations/cedar-rapids/ppc-management,PPC Management Cedar Rapids | KINEXIS,text/html; charset=utf-8,false,200,0,"BreadcrumbList
FAQPage
LocalBusiness
Organization
Service",Google rich results validation error,false
0,http://www.kinexisdigital.com/en/locations/bogota/ppc-management,PPC Management Bogotá | KINEXIS,text/html; charset=utf-8,false,200,0,"BreadcrumbList
FAQPage
LocalBusiness
Organization
Service",Google rich results validation error,false
0,http://www.kinexisdigital.com/en/locations/waterloo/ppc-management,PPC Management Waterloo | KINEXIS,text/html; charset=utf-8,false,200,0,"BreadcrumbList
FAQPage
LocalBusiness
Organization
Service",Google rich results validation error,false
