PR,URL,Title,Content type,Is rendered page,HTTP status code,Organic traffic,Is indexable page,HTML lang,Self-hreflang,Is valid HTML lang,Is valid self-hreflang,No. of all inlinks
30,https://www.kinexisdigital.com/es/locations/cedar-rapids,Digital Marketing Agency Cedar Rapids | KINEXIS,text/html; charset=utf-8,false,200,0,true,es-419,"es
es-419",false,"true
false",192
30,https://www.kinexisdigital.com/es/industries/healthcare/dental,Agencia de Marketing Dental | KINEXIS,text/html; charset=utf-8,false,200,0,true,es-419,"es
es-419",false,"true
false",192
30,https://www.kinexisdigital.com/es/services/web-design,Agencia de Diseño Web para Generación de… | KINEXIS Digital,text/html; charset=utf-8,false,200,0,true,es-419,"es-419
es",false,"false
true",192
30,https://www.kinexisdigital.com/es/industries/professional-services/dentists,Agencia de Marketing Dentists | KINEXIS,text/html; charset=utf-8,false,200,0,true,es-419,"es-419
es",false,"false
true",192
30,https://www.kinexisdigital.com/es/industries/ecommerce/online-retailers,Agencia de Marketing Online Retailers | KINEXIS,text/html; charset=utf-8,false,200,0,true,es-419,"es
es-419",false,"true
false",192
30,https://www.kinexisdigital.com/es/industries/healthcare/pharmacies,Agencia de Marketing Pharmacies | KINEXIS,text/html; charset=utf-8,false,200,0,true,es-419,"es
es-419",false,"true
false",192
30,https://www.kinexisdigital.com/es,KINEXIS Digital - Convierte el Tráfico en Ingresos,text/html; charset=utf-8,false,200,0,true,es-419,"es-419
es",false,"false
true",192
30,https://www.kinexisdigital.com/es/terms,Términos de Servicio | KINEXIS,text/html; charset=utf-8,false,200,0,true,es-419,"es-419
es",false,"false
true",192
30,https://www.kinexisdigital.com/es/industries/financial-services/wealth-management,Agencia de Marketing Wealth Management | KINEXIS,text/html; charset=utf-8,false,200,0,true,es-419,"es
es-419",false,"true
false",192
30,https://www.kinexisdigital.com/es/resources,LAS HERRAMIENTAS QUE USAMOS. | KINEXIS Digital,text/html; charset=utf-8,false,200,0,true,es-419,"es-419
es",false,"false
true",192
30,https://www.kinexisdigital.com/es/industries/manufacturing/food-production,Agencia de Marketing Food Production | KINEXIS,text/html; charset=utf-8,false,200,0,true,es-419,"es-419
es",false,"false
true",192
30,https://www.kinexisdigital.com/es/industries/home-services/plumbing,Agencia de Marketing Plumbing | KINEXIS,text/html; charset=utf-8,false,200,0,true,es-419,"es
es-419",false,"true
false",192
30,https://www.kinexisdigital.com/es/industries/technology/fintech,Agencia de Marketing Fintech | KINEXIS,text/html; charset=utf-8,false,200,0,true,es-419,"es-419
es",false,"false
true",192
30,https://www.kinexisdigital.com/es/industries/hospitality/restaurants,Agencia de Marketing Restaurants | KINEXIS,text/html; charset=utf-8,false,200,0,true,es-419,"es-419
es",false,"false
true",192
30,https://www.kinexisdigital.com/es/industries/financial-services/mortgage-lenders,Agencia de Marketing Mortgage Lenders | KINEXIS,text/html; charset=utf-8,false,200,0,true,es-419,"es
es-419",false,"true
false",192
30,https://www.kinexisdigital.com/es/google-ads-vs-seo,Google Ads vs SEO | ¿Qué Canal Conviene?,text/html; charset=utf-8,false,200,0,true,es-419,"es
es-419",false,"true
false",192
30,https://www.kinexisdigital.com/es/industries/professional-services/law-firms,Agencia de Marketing Law Firms | KINEXIS,text/html; charset=utf-8,false,200,0,true,es-419,"es-419
es",false,"false
true",192
30,https://www.kinexisdigital.com/es/industries/professional-services,Professional Services Marketing | KINEXIS,text/html; charset=utf-8,false,200,0,true,es-419,"es
es-419",false,"true
false",192
30,https://www.kinexisdigital.com/es/locations/dallas,Digital Marketing Agency Dallas | KINEXIS,text/html; charset=utf-8,false,200,0,true,es-419,"es
es-419",false,"true
false",192
30,https://www.kinexisdigital.com/es/privacy,Política de Privacidad | KINEXIS,text/html; charset=utf-8,false,200,0,true,es-419,"es-419
es",false,"false
true",192
30,https://www.kinexisdigital.com/es/industries/financial-services/banks,Agencia de Marketing Banks | KINEXIS,text/html; charset=utf-8,false,200,0,true,es-419,"es
es-419",false,"true
false",192
30,https://www.kinexisdigital.com/es/industries/hospitality/cafes,Agencia de Marketing Cafes | KINEXIS,text/html; charset=utf-8,false,200,0,true,es-419,"es
es-419",false,"true
false",192
30,https://www.kinexisdigital.com/es/services/content-marketing,Agencia Marketing de Contenidos para… | KINEXIS Digital,text/html; charset=utf-8,false,200,0,true,es-419,"es
es-419",false,"true
false",192
30,https://www.kinexisdigital.com/es/industries/technology,Technology Marketing | KINEXIS,text/html; charset=utf-8,false,200,0,true,es-419,"es
es-419",false,"true
false",192
30,https://www.kinexisdigital.com/es/industries/hospitality/resorts,Agencia de Marketing Resorts | KINEXIS,text/html; charset=utf-8,false,200,0,true,es-419,"es
es-419",false,"true
false",192
30,https://www.kinexisdigital.com/es/industries/healthcare/wellness,Agencia de Marketing Wellness | KINEXIS,text/html; charset=utf-8,false,200,0,true,es-419,"es
es-419",false,"true
false",192
30,https://www.kinexisdigital.com/es/locations/cedar-falls,Digital Marketing Agency Cedar Falls | KINEXIS,text/html; charset=utf-8,false,200,0,true,es-419,"es-419
es",false,"false
true",192
30,https://www.kinexisdigital.com/es/industries/healthcare/physical-therapy,Agencia de Marketing Physical Therapy | KINEXIS,text/html; charset=utf-8,false,200,0,true,es-419,"es
es-419",false,"true
false",192
30,https://www.kinexisdigital.com/es/locations/toronto,Digital Marketing Agency Toronto | KINEXIS,text/html; charset=utf-8,false,200,0,true,es-419,"es-419
es",false,"false
true",192
30,https://www.kinexisdigital.com/es/industries/manufacturing/industrial,Agencia de Marketing Industrial | KINEXIS,text/html; charset=utf-8,false,200,0,true,es-419,"es-419
es",false,"false
true",192
30,https://www.kinexisdigital.com/es/industries/financial-services,Financial Services Marketing | KINEXIS,text/html; charset=utf-8,false,200,0,true,es-419,"es-419
es",false,"false
true",192
30,https://www.kinexisdigital.com/es/industries/ecommerce,E-Commerce Marketing | KINEXIS,text/html; charset=utf-8,false,200,0,true,es-419,"es
es-419",false,"true
false",192
30,https://www.kinexisdigital.com/es/industries/ecommerce/shopify-brands,Agencia de Marketing Shopify Brands | KINEXIS,text/html; charset=utf-8,false,200,0,true,es-419,"es-419
es",false,"false
true",192
30,https://www.kinexisdigital.com/es/digital-marketing-agency,Agencia de Marketing Digital | KINEXIS Digital,text/html; charset=utf-8,false,200,0,true,es-419,"es-419
es",false,"false
true",192
30,https://www.kinexisdigital.com/es/industries,Industrias que Servimos | KINEXIS Digital,text/html; charset=utf-8,false,200,0,true,es-419,"es-419
es",false,"false
true",192
30,https://www.kinexisdigital.com/es/industries/manufacturing/aerospace,Agencia de Marketing Aerospace | KINEXIS,text/html; charset=utf-8,false,200,0,true,es-419,"es
es-419",false,"true
false",192
30,https://www.kinexisdigital.com/es/industries/healthcare/chiropractors,Agencia de Marketing Chiropractors | KINEXIS,text/html; charset=utf-8,false,200,0,true,es-419,"es-419
es",false,"false
true",192
30,https://www.kinexisdigital.com/es/services/local-seo,Agencia SEO Local para Marcas… | KINEXIS Digital,text/html; charset=utf-8,false,200,0,true,es-419,"es
es-419",false,"true
false",192
30,https://www.kinexisdigital.com/es/locations/bogota,Digital Marketing Agency Bogotá | KINEXIS,text/html; charset=utf-8,false,200,0,true,es-419,"es-419
es",false,"false
true",192
30,https://www.kinexisdigital.com/es/industries/ecommerce/subscription-boxes,Agencia de Marketing Subscription Boxes | KINEXIS,text/html; charset=utf-8,false,200,0,true,es-419,"es-419
es",false,"false
true",192
30,https://www.kinexisdigital.com/es/services/social-media,Agencia Marketing en Redes Sociales para… | KINEXIS Digital,text/html; charset=utf-8,false,200,0,true,es-419,"es-419
es",false,"false
true",192
30,https://www.kinexisdigital.com/es/wordpress-vs-webflow,WordPress vs Webflow | ¿Qué Plataforma Elegir?,text/html; charset=utf-8,false,200,0,true,es-419,"es
es-419",false,"true
false",192
30,https://www.kinexisdigital.com/es/industries/home-services/hvac,Agencia de Marketing HVAC | KINEXIS,text/html; charset=utf-8,false,200,0,true,es-419,"es-419
es",false,"false
true",192
30,https://www.kinexisdigital.com/es/seo-vs-ppc,SEO vs PPC | Orgánico vs Pagado,text/html; charset=utf-8,false,200,0,true,es-419,"es
es-419",false,"true
false",192
30,https://www.kinexisdigital.com/es/services/growth-consulting,Consultoría de Crecimiento para… | KINEXIS Digital,text/html; charset=utf-8,false,200,0,true,es-419,"es-419
es",false,"false
true",192
30,https://www.kinexisdigital.com/es/industries/financial-services/credit-unions,Agencia de Marketing Credit Unions | KINEXIS,text/html; charset=utf-8,false,200,0,true,es-419,"es
es-419",false,"true
false",192
30,https://www.kinexisdigital.com/es/industries/professional-services/accountants,Agencia de Marketing Accountants | KINEXIS,text/html; charset=utf-8,false,200,0,true,es-419,"es-419
es",false,"false
true",192
30,https://www.kinexisdigital.com/es/industries/technology/startups,Agencia de Marketing Startups | KINEXIS,text/html; charset=utf-8,false,200,0,true,es-419,"es
es-419",false,"true
false",192
30,https://www.kinexisdigital.com/es/blog/landing-page-best-practices,Mejores Prácticas de Landing Pages para Tráfico… | KINEXIS,text/html; charset=utf-8,false,200,0,true,es-419,"es
es-419",false,"true
false",192
30,https://www.kinexisdigital.com/es/industries/technology/ai-companies,Agencia de Marketing AI Companies | KINEXIS,text/html; charset=utf-8,false,200,0,true,es-419,"es
es-419",false,"true
false",192
30,https://www.kinexisdigital.com/es/industries/home-services/roofing,Agencia de Marketing Roofing | KINEXIS,text/html; charset=utf-8,false,200,0,true,es-419,"es
es-419",false,"true
false",192
30,https://www.kinexisdigital.com/es/industries/home-services/landscaping,Agencia de Marketing Landscaping | KINEXIS,text/html; charset=utf-8,false,200,0,true,es-419,"es
es-419",false,"true
false",192
30,https://www.kinexisdigital.com/es/industries/home-services,Home Services Marketing | KINEXIS,text/html; charset=utf-8,false,200,0,true,es-419,"es-419
es",false,"false
true",192
30,https://www.kinexisdigital.com/es/services,Servicios de Marketing Digital | KINEXIS Digital,text/html; charset=utf-8,false,200,0,true,es-419,"es-419
es",false,"false
true",192
30,https://www.kinexisdigital.com/es/industries/professional-services/medical-practices,Agencia de Marketing Medical Practices | KINEXIS,text/html; charset=utf-8,false,200,0,true,es-419,"es
es-419",false,"true
false",192
30,https://www.kinexisdigital.com/es/services/google-ads,Agencia de Gestión Google Ads | Search y… | KINEXIS Digital,text/html; charset=utf-8,false,200,0,true,es-419,"es
es-419",false,"true
false",192
30,https://www.kinexisdigital.com/es/services/branding,Agencia de Branding para Empresas B2B | KINEXIS Digital,text/html; charset=utf-8,false,200,0,true,es-419,"es
es-419",false,"true
false",192
30,https://www.kinexisdigital.com/es/services/meta-ads,Agencia de Gestión Meta Ads | Facebook e… | KINEXIS Digital,text/html; charset=utf-8,false,200,0,true,es-419,"es-419
es",false,"false
true",192
30,https://www.kinexisdigital.com/es/industries/technology/saas,Agencia de Marketing SaaS | KINEXIS,text/html; charset=utf-8,false,200,0,true,es-419,"es
es-419",false,"true
false",192
30,https://www.kinexisdigital.com/es/contact,Contacto KINEXIS Digital | Reserva una Llamada,text/html; charset=utf-8,false,200,0,true,es-419,"es
es-419",false,"true
false",192
30,https://www.kinexisdigital.com/es/industries/professional-services/real-estate,Agencia de Marketing Real Estate | KINEXIS,text/html; charset=utf-8,false,200,0,true,es-419,"es
es-419",false,"true
false",192
30,https://www.kinexisdigital.com/es/industries/manufacturing/packaging,Agencia de Marketing Packaging | KINEXIS,text/html; charset=utf-8,false,200,0,true,es-419,"es
es-419",false,"true
false",192
30,https://www.kinexisdigital.com/es/industries/financial-services/insurance,Agencia de Marketing Insurance | KINEXIS,text/html; charset=utf-8,false,200,0,true,es-419,"es-419
es",false,"false
true",192
30,https://www.kinexisdigital.com/es/services/analytics,Agencia Analítica de Marketing para… | KINEXIS Digital,text/html; charset=utf-8,false,200,0,true,es-419,"es
es-419",false,"true
false",192
30,https://www.kinexisdigital.com/es/industries/home-services/pest-control,Agencia de Marketing Pest Control | KINEXIS,text/html; charset=utf-8,false,200,0,true,es-419,"es
es-419",false,"true
false",192
30,https://www.kinexisdigital.com/es/industries/home-services/electrical,Agencia de Marketing Electrical | KINEXIS,text/html; charset=utf-8,false,200,0,true,es-419,"es
es-419",false,"true
false",192
30,https://www.kinexisdigital.com/es/industries/ecommerce/amazon-sellers,Agencia de Marketing Amazon Sellers | KINEXIS,text/html; charset=utf-8,false,200,0,true,es-419,"es-419
es",false,"false
true",192
30,https://www.kinexisdigital.com/es/industries/manufacturing/b2b-manufacturing,Agencia de Marketing B2B Manufacturing | KINEXIS,text/html; charset=utf-8,false,200,0,true,es-419,"es
es-419",false,"true
false",192
30,https://www.kinexisdigital.com/es/pricing/seo,"Precios SEO | Planes desde $2,500/mes | KINEXIS Digital",text/html; charset=utf-8,false,200,0,true,es-419,"es
es-419",false,"true
false",192
30,https://www.kinexisdigital.com/es/about,Sobre KINEXIS Digital | Agencia de Marketing,text/html; charset=utf-8,false,200,0,true,es-419,"es-419
es",false,"false
true",192
30,https://www.kinexisdigital.com/es/industries/manufacturing/automotive,Agencia de Marketing Automotive | KINEXIS,text/html; charset=utf-8,false,200,0,true,es-419,"es-419
es",false,"false
true",192
30,https://www.kinexisdigital.com/es/blog/local-seo-checklist,Checklist de SEO Local para Negocios de Servicios | KINEXIS,text/html; charset=utf-8,false,200,0,true,es-419,"es-419
es",false,"false
true",192
30,https://www.kinexisdigital.com/es/blog,Blog de Marketing Digital | KINEXIS Digital,text/html; charset=utf-8,false,200,0,true,es-419,"es
es-419",false,"true
false",192
30,https://www.kinexisdigital.com/es/industries/ecommerce/b2b-ecommerce,Agencia de Marketing B2B E-Commerce | KINEXIS,text/html; charset=utf-8,false,200,0,true,es-419,"es
es-419",false,"true
false",192
30,https://www.kinexisdigital.com/es/industries/healthcare,Healthcare Marketing | KINEXIS,text/html; charset=utf-8,false,200,0,true,es-419,"es
es-419",false,"true
false",192
30,https://www.kinexisdigital.com/es/industries/professional-services/consultants,Agencia de Marketing Consultants | KINEXIS,text/html; charset=utf-8,false,200,0,true,es-419,"es
es-419",false,"true
false",192
30,https://www.kinexisdigital.com/es/industries/hospitality/bars-nightlife,Agencia de Marketing Bars & Nightlife | KINEXIS,text/html; charset=utf-8,false,200,0,true,es-419,"es
es-419",false,"true
false",192
30,https://www.kinexisdigital.com/es/blog/ab-testing-framework,Framework de A/B Testing para Marketers | KINEXIS,text/html; charset=utf-8,false,200,0,true,es-419,"es
es-419",false,"true
false",192
30,https://www.kinexisdigital.com/es/case-studies,Casos de Éxito | KINEXIS Digital,text/html; charset=utf-8,false,200,0,true,es-419,"es
es-419",false,"true
false",192
30,https://www.kinexisdigital.com/es/services/funnels,Agencia de Embudos y CRO | Sistemas de… | KINEXIS Digital,text/html; charset=utf-8,false,200,0,true,es-419,"es
es-419",false,"true
false",192
30,https://www.kinexisdigital.com/es/locations/waterloo,Digital Marketing Agency Waterloo | KINEXIS,text/html; charset=utf-8,false,200,0,true,es-419,"es
es-419",false,"true
false",192
30,https://www.kinexisdigital.com/es/blog/seo-audit-framework,Framework de Auditoría SEO: Proceso Paso a Paso | KINEXIS,text/html; charset=utf-8,false,200,0,true,es-419,"es
es-419",false,"true
false",192
30,https://www.kinexisdigital.com/es/industries/ecommerce/dtc-brands,Agencia de Marketing DTC Brands | KINEXIS,text/html; charset=utf-8,false,200,0,true,es-419,"es-419
es",false,"false
true",192
30,https://www.kinexisdigital.com/es/industries/hospitality/hotels,Agencia de Marketing Hotels | KINEXIS,text/html; charset=utf-8,false,200,0,true,es-419,"es
es-419",false,"true
false",192
30,https://www.kinexisdigital.com/es/locations/austin,Digital Marketing Agency Austin | KINEXIS,text/html; charset=utf-8,false,200,0,true,es-419,"es
es-419",false,"true
false",192
30,https://www.kinexisdigital.com/es/industries/financial-services/financial-advisors,Agencia de Marketing Financial Advisors | KINEXIS,text/html; charset=utf-8,false,200,0,true,es-419,"es
es-419",false,"true
false",192
30,https://www.kinexisdigital.com/es/industries/technology/software-companies,Agencia de Marketing Software Companies | KINEXIS,text/html; charset=utf-8,false,200,0,true,es-419,"es-419
es",false,"false
true",192
30,https://www.kinexisdigital.com/es/local-seo-vs-google-ads,SEO Local vs Google Ads | ¿Mapa o Anuncios?,text/html; charset=utf-8,false,200,0,true,es-419,"es
es-419",false,"true
false",192
30,https://www.kinexisdigital.com/es/locations/des-moines,Digital Marketing Agency Des Moines | KINEXIS,text/html; charset=utf-8,false,200,0,true,es-419,"es
es-419",false,"true
false",192
30,https://www.kinexisdigital.com/es/industries/hospitality,Hospitality Marketing | KINEXIS,text/html; charset=utf-8,false,200,0,true,es-419,"es-419
es",false,"false
true",192
30,https://www.kinexisdigital.com/es/industries/hospitality/event-venues,Agencia de Marketing Event Venues | KINEXIS,text/html; charset=utf-8,false,200,0,true,es-419,"es
es-419",false,"true
false",192
30,https://www.kinexisdigital.com/es/industries/technology/cybersecurity,Agencia de Marketing Cybersecurity | KINEXIS,text/html; charset=utf-8,false,200,0,true,es-419,"es
es-419",false,"true
false",192
30,https://www.kinexisdigital.com/es/industries/healthcare/medical,Agencia de Marketing Medical | KINEXIS,text/html; charset=utf-8,false,200,0,true,es-419,"es-419
es",false,"false
true",192
30,https://www.kinexisdigital.com/es/services/paid-ads,Agencia de Anuncios Pagados para… | KINEXIS Digital,text/html; charset=utf-8,false,200,0,true,es-419,"es
es-419",false,"true
false",192
30,https://www.kinexisdigital.com/es/services/seo,Agencia SEO para Generación de Leads | KINEXIS Digital,text/html; charset=utf-8,false,200,0,true,es-419,"es
es-419",false,"true
false",192
30,https://www.kinexisdigital.com/es/services/video-marketing,Agencia Marketing de Video para Marcas B2B | KINEXIS Digital,text/html; charset=utf-8,false,200,0,true,es-419,"es-419
es",false,"false
true",192
30,https://www.kinexisdigital.com/es/industries/manufacturing,Manufacturing Marketing | KINEXIS,text/html; charset=utf-8,false,200,0,true,es-419,"es-419
es",false,"false
true",192
30,https://www.kinexisdigital.com/es/solutions,Marketing Solutions | KINEXIS Digital,text/html; charset=utf-8,false,200,0,true,es-419,"es-419
es",false,"false
true",192
30,https://www.kinexisdigital.com/es/services/ppc-management,Agencia de Gestión PPC Multi-Canal | KINEXIS Digital,text/html; charset=utf-8,false,200,0,true,es-419,"es
es-419",false,"true
false",192
30,https://www.kinexisdigital.com/es/services/email-marketing,Agencia Email Marketing para Nutrición B2B | KINEXIS Digital,text/html; charset=utf-8,false,200,0,true,es-419,"es
es-419",false,"true
false",192
22,https://www.kinexisdigital.com/es/locations,Local Digital Marketing | KINEXIS Digital,text/html; charset=utf-8,false,200,0,true,es-419,"es-419
es",false,"false
true",43
21,https://www.kinexisdigital.com/es/case-studies/dental-practice-local-seo,Clínica Dental Case Study | KINEXIS,text/html; charset=utf-8,false,200,0,true,es-419,"es
es-419",false,"true
false",16
21,https://www.kinexisdigital.com/es/case-studies/landscaping-company-growth,Empresa de Jardinería Case Study | KINEXIS,text/html; charset=utf-8,false,200,0,true,es-419,"es
es-419",false,"true
false",27
21,https://www.kinexisdigital.com/es/case-studies/saas-analytics-platform,Plataforma de Analítica SaaS Case Study | KINEXIS,text/html; charset=utf-8,false,200,0,true,es-419,"es
es-419",false,"true
false",22
21,https://www.kinexisdigital.com/es/case-studies/b2b-consulting-firm,Firma de Consultoría B2B Case Study | KINEXIS,text/html; charset=utf-8,false,200,0,true,es-419,"es-419
es",false,"false
true",19
21,https://www.kinexisdigital.com/es/team/james-chen,James Chen | KINEXIS Digital,text/html; charset=utf-8,false,200,0,true,es-419,"es
es-419",false,"true
false",12
21,https://www.kinexisdigital.com/es/team/sarah-mitchell,Sarah Mitchell | KINEXIS Digital,text/html; charset=utf-8,false,200,0,true,es-419,"es
es-419",false,"true
false",13
21,https://www.kinexisdigital.com/es/team/maria-rodriguez,Maria Rodriguez | KINEXIS Digital,text/html; charset=utf-8,false,200,0,true,es-419,"es-419
es",false,"false
true",13
21,https://www.kinexisdigital.com/es/case-studies/fintech-app-startup,Startup Fintech Case Study | KINEXIS,text/html; charset=utf-8,false,200,0,true,es-419,"es-419
es",false,"false
true",18
21,https://www.kinexisdigital.com/es/case-studies/premium-ecommerce-brand,Marca Premium de E-Commerce Case Study | KINEXIS,text/html; charset=utf-8,false,200,0,true,es-419,"es
es-419",false,"true
false",17
20,https://www.kinexisdigital.com/es/locations/bogota/web-design,Web Design Bogotá | KINEXIS,text/html; charset=utf-8,false,200,0,true,es-419,"es
es-419",false,"true
false",4
20,https://www.kinexisdigital.com/es/locations/dallas/web-design,Web Design Dallas | KINEXIS,text/html; charset=utf-8,false,200,0,true,es-419,"es
es-419",false,"true
false",4
20,https://www.kinexisdigital.com/es/locations/dallas/seo,SEO Dallas | KINEXIS,text/html; charset=utf-8,false,200,0,true,es-419,"es-419
es",false,"false
true",4
20,https://www.kinexisdigital.com/es/locations/waterloo/ppc-management,PPC Management Waterloo | KINEXIS,text/html; charset=utf-8,false,200,0,true,es-419,"es-419
es",false,"false
true",4
20,https://www.kinexisdigital.com/es/solutions/seo-for-dentists,SEO for Dentists | KINEXIS,text/html; charset=utf-8,false,200,0,true,es-419,"es
es-419",false,"true
false",5
20,https://www.kinexisdigital.com/es/locations/cedar-falls/web-design,Web Design Cedar Falls | KINEXIS,text/html; charset=utf-8,false,200,0,true,es-419,"es
es-419",false,"true
false",4
20,https://www.kinexisdigital.com/es/pricing/google-ads,"Precios Google Ads | Gestión desde $2,500/mes | KINEXIS",text/html; charset=utf-8,false,200,0,true,es-419,"es-419
es",false,"false
true",4
20,https://www.kinexisdigital.com/es/blog/email-segmentation,Estrategias de Segmentación de Email | KINEXIS,text/html; charset=utf-8,false,200,0,true,es-419,"es-419
es",false,"false
true",4
20,https://www.kinexisdigital.com/es/locations/toronto/seo,SEO Toronto | KINEXIS,text/html; charset=utf-8,false,200,0,true,es-419,"es-419
es",false,"false
true",4
20,https://www.kinexisdigital.com/es/blog/conversion-psychology,Psicología de Conversión: Por Qué los Compradores… | KINEXIS,text/html; charset=utf-8,false,200,0,true,es-419,"es-419
es",false,"false
true",5
20,https://www.kinexisdigital.com/es/locations/austin/ppc-management,PPC Management Austin | KINEXIS,text/html; charset=utf-8,false,200,0,true,es-419,"es
es-419",false,"true
false",4
20,https://www.kinexisdigital.com/es/solutions/web-design-for-saas-companies,Web Design for SaaS Companies | KINEXIS,text/html; charset=utf-8,false,200,0,true,es-419,"es
es-419",false,"true
false",4
20,https://www.kinexisdigital.com/es/locations/des-moines/google-ads,Google Ads Des Moines | KINEXIS,text/html; charset=utf-8,false,200,0,true,es-419,"es
es-419",false,"true
false",4
20,https://www.kinexisdigital.com/es/blog/lifecycle-marketing,Marketing de Ciclo de Vida: Mapeando el Customer… | KINEXIS,text/html; charset=utf-8,false,200,0,true,es-419,"es
es-419",false,"true
false",5
20,https://www.kinexisdigital.com/es/locations/toronto/ppc-management,PPC Management Toronto | KINEXIS,text/html; charset=utf-8,false,200,0,true,es-419,"es-419
es",false,"false
true",4
20,https://www.kinexisdigital.com/es/solutions/saas-marketing-agency,SaaS Marketing Agency | KINEXIS,text/html; charset=utf-8,false,200,0,true,es-419,"es-419
es",false,"false
true",6
20,https://www.kinexisdigital.com/es/locations/des-moines/seo,SEO Des Moines | KINEXIS,text/html; charset=utf-8,false,200,0,true,es-419,"es
es-419",false,"true
false",4
20,https://www.kinexisdigital.com/es/locations/cedar-rapids/ppc-management,PPC Management Cedar Rapids | KINEXIS,text/html; charset=utf-8,false,200,0,true,es-419,"es-419
es",false,"false
true",4
20,https://www.kinexisdigital.com/es/blog/technical-seo-guide,La Guía Completa de SEO Técnico | KINEXIS,text/html; charset=utf-8,false,200,0,true,es-419,"es
es-419",false,"true
false",4
20,https://www.kinexisdigital.com/es/pricing/video-marketing,Video Marketing Pricing | KINEXIS,text/html; charset=utf-8,false,200,0,true,es-419,"es-419
es",false,"false
true",4
20,https://www.kinexisdigital.com/es/solutions/google-ads-for-roofers,Google Ads for Roofers | KINEXIS,text/html; charset=utf-8,false,200,0,true,es-419,"es
es-419",false,"true
false",5
20,https://www.kinexisdigital.com/es/pricing/web-design,"Precios Diseño Web | Sitios desde $8,000 | KINEXIS",text/html; charset=utf-8,false,200,0,true,es-419,"es-419
es",false,"false
true",4
20,https://www.kinexisdigital.com/es/locations/des-moines/ppc-management,PPC Management Des Moines | KINEXIS,text/html; charset=utf-8,false,200,0,true,es-419,"es
es-419",false,"true
false",4
20,https://www.kinexisdigital.com/es/locations/toronto/google-ads,Google Ads Toronto | KINEXIS,text/html; charset=utf-8,false,200,0,true,es-419,"es-419
es",false,"false
true",4
20,https://www.kinexisdigital.com/es/blog/attribution-models,Modelos de Atribución de Marketing Explicados | KINEXIS,text/html; charset=utf-8,false,200,0,true,es-419,"es
es-419",false,"true
false",5
20,https://www.kinexisdigital.com/es/pricing/growth-consulting,Growth Consulting Pricing | KINEXIS,text/html; charset=utf-8,false,200,0,true,es-419,"es-419
es",false,"false
true",4
20,https://www.kinexisdigital.com/es/locations/cedar-rapids/web-design,Web Design Cedar Rapids | KINEXIS,text/html; charset=utf-8,false,200,0,true,es-419,"es
es-419",false,"true
false",4
20,https://www.kinexisdigital.com/es/blog/marketing-dashboards,Dashboards de Marketing que Impulsan Decisiones | KINEXIS,text/html; charset=utf-8,false,200,0,true,es-419,"es-419
es",false,"false
true",5
20,https://www.kinexisdigital.com/es/solutions/startup-marketing-agency,Startup Marketing Agency | KINEXIS,text/html; charset=utf-8,false,200,0,true,es-419,"es
es-419",false,"true
false",5
20,https://www.kinexisdigital.com/es/blog/technical-seo-fundamentals,Fundamentos de SEO Técnico que Todo Propietario… | KINEXIS,text/html; charset=utf-8,false,200,0,true,es-419,"es-419
es",false,"false
true",6
20,https://www.kinexisdigital.com/es/locations/austin/google-ads,Google Ads Austin | KINEXIS,text/html; charset=utf-8,false,200,0,true,es-419,"es
es-419",false,"true
false",4
20,https://www.kinexisdigital.com/es/locations/toronto/web-design,Web Design Toronto | KINEXIS,text/html; charset=utf-8,false,200,0,true,es-419,"es
es-419",false,"true
false",4
20,https://www.kinexisdigital.com/es/pricing/email-marketing,Email Marketing Pricing | KINEXIS,text/html; charset=utf-8,false,200,0,true,es-419,"es-419
es",false,"false
true",4
20,https://www.kinexisdigital.com/es/blog/quality-score-guide,Guía de Quality Score en Google Ads | KINEXIS,text/html; charset=utf-8,false,200,0,true,es-419,"es-419
es",false,"false
true",5
20,https://www.kinexisdigital.com/es/solutions/seo-for-hvac-companies,SEO for HVAC Companies | KINEXIS,text/html; charset=utf-8,false,200,0,true,es-419,"es
es-419",false,"true
false",6
20,https://www.kinexisdigital.com/es/locations/cedar-rapids/seo,SEO Cedar Rapids | KINEXIS,text/html; charset=utf-8,false,200,0,true,es-419,"es-419
es",false,"false
true",4
20,https://www.kinexisdigital.com/es/pricing/analytics,Marketing Analytics Pricing | KINEXIS,text/html; charset=utf-8,false,200,0,true,es-419,"es
es-419",false,"true
false",4
20,https://www.kinexisdigital.com/es/locations/dallas/google-ads,Google Ads Dallas | KINEXIS,text/html; charset=utf-8,false,200,0,true,es-419,"es
es-419",false,"true
false",4
20,https://www.kinexisdigital.com/es/blog/posts,Todos los Artículos | KINEXIS Digital,text/html; charset=utf-8,false,200,0,true,es-419,"es-419
es",false,"false
true",4
20,https://www.kinexisdigital.com/es/locations/cedar-falls/seo,SEO Cedar Falls | KINEXIS,text/html; charset=utf-8,false,200,0,true,es-419,"es
es-419",false,"true
false",4
20,https://www.kinexisdigital.com/es/locations/cedar-falls/google-ads,Google Ads Cedar Falls | KINEXIS,text/html; charset=utf-8,false,200,0,true,es-419,"es
es-419",false,"true
false",4
20,https://www.kinexisdigital.com/es/locations/waterloo/seo,SEO Waterloo | KINEXIS,text/html; charset=utf-8,false,200,0,true,es-419,"es
es-419",false,"true
false",4
20,https://www.kinexisdigital.com/es/pricing/meta-ads,"Precios Meta Ads | Gestión desde $1,500/mes | KINEXIS",text/html; charset=utf-8,false,200,0,true,es-419,"es
es-419",false,"true
false",4
20,https://www.kinexisdigital.com/es/locations/austin/seo,SEO Austin | KINEXIS,text/html; charset=utf-8,false,200,0,true,es-419,"es
es-419",false,"true
false",4
20,https://www.kinexisdigital.com/es/blog/ga4-reporting,Reportes GA4 para Equipos de Marketing | KINEXIS,text/html; charset=utf-8,false,200,0,true,es-419,"es
es-419",false,"true
false",5
20,https://www.kinexisdigital.com/es/pricing/content-marketing,Content Marketing Pricing | KINEXIS,text/html; charset=utf-8,false,200,0,true,es-419,"es-419
es",false,"false
true",4
20,https://www.kinexisdigital.com/es/blog/roas-calculations,Cálculos de ROAS: Midiendo la Rentabilidad Real… | KINEXIS,text/html; charset=utf-8,false,200,0,true,es-419,"es-419
es",false,"false
true",6
20,https://www.kinexisdigital.com/es/blog/automated-nurture-sequences,Secuencias de Nutrición Automatizadas que… | KINEXIS,text/html; charset=utf-8,false,200,0,true,es-419,"es-419
es",false,"false
true",5
20,https://www.kinexisdigital.com/es/locations/dallas/ppc-management,PPC Management Dallas | KINEXIS,text/html; charset=utf-8,false,200,0,true,es-419,"es
es-419",false,"true
false",4
20,https://www.kinexisdigital.com/es/solutions/email-marketing-for-saas,Email Marketing for SaaS | KINEXIS,text/html; charset=utf-8,false,200,0,true,es-419,"es-419
es",false,"false
true",5
20,https://www.kinexisdigital.com/es/locations/des-moines/web-design,Web Design Des Moines | KINEXIS,text/html; charset=utf-8,false,200,0,true,es-419,"es
es-419",false,"true
false",4
20,https://www.kinexisdigital.com/es/blog/link-building-strategies,Estrategias de Link Building que Siguen… | KINEXIS,text/html; charset=utf-8,false,200,0,true,es-419,"es
es-419",false,"true
false",5
20,https://www.kinexisdigital.com/es/locations/cedar-rapids/google-ads,Google Ads Cedar Rapids | KINEXIS,text/html; charset=utf-8,false,200,0,true,es-419,"es
es-419",false,"true
false",4
20,https://www.kinexisdigital.com/es/solutions/seo-for-law-firms,SEO for Law Firms | KINEXIS,text/html; charset=utf-8,false,200,0,true,es-419,"es
es-419",false,"true
false",5
20,https://www.kinexisdigital.com/es/locations/bogota/seo,SEO Bogotá | KINEXIS,text/html; charset=utf-8,false,200,0,true,es-419,"es
es-419",false,"true
false",4
20,https://www.kinexisdigital.com/es/blog/email-nurture-sequences-that-book-calls,Secuencias de Email que Realmente Agendan Llamadas | KINEXIS,text/html; charset=utf-8,false,200,0,true,es-419,"es
es-419",false,"true
false",6
20,https://www.kinexisdigital.com/es/locations/cedar-falls/ppc-management,PPC Management Cedar Falls | KINEXIS,text/html; charset=utf-8,false,200,0,true,es-419,"es
es-419",false,"true
false",4
20,https://www.kinexisdigital.com/es/pricing/ppc-management,PPC Pricing | KINEXIS,text/html; charset=utf-8,false,200,0,true,es-419,"es-419
es",false,"false
true",4
20,https://www.kinexisdigital.com/es/solutions/ai-marketing-agency,AI Marketing Agency | KINEXIS,text/html; charset=utf-8,false,200,0,true,es-419,"es-419
es",false,"false
true",5
20,https://www.kinexisdigital.com/es/blog/local-seo-strategy-2026,Estrategia de SEO Local para 2026: Qué Ha… | KINEXIS,text/html; charset=utf-8,false,200,0,true,es-419,"es-419
es",false,"false
true",5
20,https://www.kinexisdigital.com/es/blog/local-business-growth-playbook,El Playbook de Crecimiento para Negocios Locales:… | KINEXIS,text/html; charset=utf-8,false,200,0,true,es-419,"es-419
es",false,"false
true",6
20,https://www.kinexisdigital.com/es/blog/website-conversion-optimization,7 Cambios en el Sitio Web que Aumentaron las… | KINEXIS,text/html; charset=utf-8,false,200,0,true,es-419,"es-419
es",false,"false
true",6
20,https://www.kinexisdigital.com/es/blog/google-business-profile-tips,Google Business Profile: La Lista Completa de… | KINEXIS,text/html; charset=utf-8,false,200,0,true,es-419,"es-419
es",false,"false
true",6
20,https://www.kinexisdigital.com/es/blog/landing-page-optimization,Playbook de Optimización de Landing Pages | KINEXIS,text/html; charset=utf-8,false,200,0,true,es-419,"es
es-419",false,"true
false",5
20,https://www.kinexisdigital.com/es/blog/seo-vs-google-ads,SEO vs. Google Ads: ¿Dónde Deberías Invertir… | KINEXIS,text/html; charset=utf-8,false,200,0,true,es-419,"es-419
es",false,"false
true",7
20,https://www.kinexisdigital.com/es/solutions/cro-for-saas-companies,CRO for SaaS Companies | KINEXIS,text/html; charset=utf-8,false,200,0,true,es-419,"es
es-419",false,"true
false",4
20,https://www.kinexisdigital.com/es/locations/waterloo/web-design,Web Design Waterloo | KINEXIS,text/html; charset=utf-8,false,200,0,true,es-419,"es-419
es",false,"false
true",4
20,https://www.kinexisdigital.com/es/locations/bogota/ppc-management,PPC Management Bogotá | KINEXIS,text/html; charset=utf-8,false,200,0,true,es-419,"es-419
es",false,"false
true",4
20,https://www.kinexisdigital.com/es/pricing/branding,Branding Pricing | KINEXIS,text/html; charset=utf-8,false,200,0,true,es-419,"es
es-419",false,"true
false",4
20,https://www.kinexisdigital.com/es/blog/heatmap-analysis,Análisis de Heatmaps para Optimización de… | KINEXIS,text/html; charset=utf-8,false,200,0,true,es-419,"es
es-419",false,"true
false",4
20,https://www.kinexisdigital.com/es/blog/negative-keywords-guide,Guía de Palabras Clave Negativas para PPC | KINEXIS,text/html; charset=utf-8,false,200,0,true,es-419,"es
es-419",false,"true
false",5
20,https://www.kinexisdigital.com/es/pricing/social-media,Social Media Marketing Pricing | KINEXIS,text/html; charset=utf-8,false,200,0,true,es-419,"es
es-419",false,"true
false",4
20,https://www.kinexisdigital.com/es/pricing/funnels,Funnels and CRO Pricing | KINEXIS,text/html; charset=utf-8,false,200,0,true,es-419,"es
es-419",false,"true
false",4
20,https://www.kinexisdigital.com/es/blog/internal-linking-guide,Guía de Enlazado Interno para Autoridad SEO | KINEXIS,text/html; charset=utf-8,false,200,0,true,es-419,"es-419
es",false,"false
true",5
20,https://www.kinexisdigital.com/es/locations/austin/web-design,Web Design Austin | KINEXIS,text/html; charset=utf-8,false,200,0,true,es-419,"es
es-419",false,"true
false",4
20,https://www.kinexisdigital.com/es/pricing/local-seo,Local SEO Pricing | KINEXIS,text/html; charset=utf-8,false,200,0,true,es-419,"es-419
es",false,"false
true",4
20,https://www.kinexisdigital.com/es/locations/waterloo/google-ads,Google Ads Waterloo | KINEXIS,text/html; charset=utf-8,false,200,0,true,es-419,"es-419
es",false,"false
true",4
20,https://www.kinexisdigital.com/es/pricing/paid-ads,Paid Ads Pricing | KINEXIS,text/html; charset=utf-8,false,200,0,true,es-419,"es
es-419",false,"true
false",4
20,https://www.kinexisdigital.com/es/locations/bogota/google-ads,Google Ads Bogotá | KINEXIS,text/html; charset=utf-8,false,200,0,true,es-419,"es-419
es",false,"false
true",4
0,https://www.kinexisdigital.com/es/lead-magnet,Auditoría Gratis | KINEXIS Digital,text/html; charset=utf-8,false,200,0,false,es-419,"es-419
es",false,"false
true",4
